License Number,Pet Shop Name,Address
AS19J00045,181 AQUARIUM,"233, ANG MO KIO AVENUE 3, #01- 1182, KEBUN BARU PALM VIEW, 560233"
AS21G00033,36 HAI YANG PTE. LTD.,"55, CHAI CHEE DRIVE, #01- 182, 460055"
AS16C00015,88 EURO PETS PTE. LTD.,"486, MACPHERSON ROAD, LEVEL 1, 368196"
AS21J00046,88 SUPERSTAR PTE. LTD.,"400, BALESTIER ROAD, #01- 02, BALESTIER PLAZA, 329802"
AS21L00068,8WHISKERS,"68, JALAN JURONG KECHIL, #01- 26, SUITES AT BUKIT TIMAH, 596180"
AS21E00023,929 AQUARIUM PTE. LTD.,"929, TAMPINES STREET 91, #01- 447, TAMPINES PALMSPRING, 520929"
AS90M0570,A G PETS TOA PAYOH,"69, LORONG 4 TOA PAYOH, #01- 367, 310069"
AS22J00057,A1 YU ZHONG YU,"146, POTONG PASIR AVENUE 1, #01- 133, 350146"
AS79M0286,ABC BIRDS CENTRE,"124, BUKIT MERAH LANE, #01- 150, 150124"
AS18C00015,AH BENG AQUARIUM,"471, GEYLANG ROAD, LEVEL 1, 389430"
AS07L00061,AIK GUAN PET TRADING,"197, SIMS AVE, 387502"
AS21J00050,ALTITUDE PETS GLOBAL PTE. LTD.,"360, TANJONG KATONG ROAD, LEVEL 1, 437121"
AS21K00062,ALVIN BETTA PTE. LTD.,"429, JURONG WEST AVENUE 1, #01- 316, 640429"
AS21K00061,ALYSSADOLLS PET INTERNATIONAL PTE. LTD.,"61A, NEIL ROAD, LEVEL 2 AND ROOF MEZZANINE, 88895"
AS05J1609,AMAZON AROWANA AQUARIUM,"28, HOY FATT ROAD, #01- 34, 151028"
AS16J00030,AMB AQUATIC HUB,"176, ORCHARD ROAD, #B2- 02, THE CENTREPOINT, 238843"
AS23M00003,AMIEN PETS LLP,"55, CHANGI ROAD, #02- 22, MILLAGE, 419709"
AS22H00049,ANGELHUB AQUATICS,"3, ST. GEORGE'S ROAD, #01- 113, ST GEORGE'S WEST GARDENS, 320003"
AS22E00030,ANGELIC SECRETS,"462, CRAWFORD LANE, #02- 31, 190462"
AS15K00028,ANIMAL ARTS ACADEMY PTE. LTD.,"9, KENSINGTON PARK ROAD, SERANGOON GARDEN ESTATE, 557261"
AS12C00009,AQUA ALLEY,"7, TAMPINES STREET 32, #01- 05, 529285"
AS02H1192,AQUA-BIO TRADING,"416, BEDOK NORTH AVE 2, #01- 39, 460416"
AS13F00017,AQUAMARIN AQUATIC PETS,"32, JALAN SELASEH, SELETAR HILLS ESTATE, 808448"
AS08M00004,AQUARIA EXOTICA,"304, WOODLANDS ST.31, #01- 107, 730304"
AS19H00040,AQUARIST CHAMBER PTE. LTD.,"6 & 8, LIM TUA TOW ROAD, LEVEL 1, 547725"
AS21C00012,AQUARIUM HUB PTE. LIMITED,"600, GEYLANG ROAD, #01- 00, 389539"
AS23D00023,AQUARIUM IWARNA PTE LTD,"24, JALAN LEKAR, LEVEL 1, 699964"
AS21D00018,AQUARIUS AVENUE,"240, MACPHERSON ROAD, #04- 07, PINES INDUSTRIAL BUILDING, 348574"
AS21M00001,AQUARIUS NOBLE ENTERPRISE,"808, FRENCH ROAD, #02- 26, KITCHENER COMPLEX, 200808"
AS14G00009,AQUATIC AVENUE LLP,"78, REDHILL LANE, #01- 03, 150078"
AS19M00005,AQUATIC CONNECTION AQUARIUM,"53, SIMS PLACE, #01- 166, SIMS VISTA, 380053"
AS18A00005,AQUATICA GLASSELLI PTE. LTD.,"31, HAMILTON ROAD, LEVEL 1, 209200"
AS23M00001,ARISTOKATS LLP,"55, CHANGI ROAD, #B1- 19, MILLAGE, 419709"
AS13B00008,AROWANA AVENUE,"328, CLEMENTI AVE 2, #01- 196, 120328"
AS16L00042,AROWANA AVENUE,"328, CLEMENTI AVENUE 2, #01- 188, 120328"
AS17A00007,AROWANA BIRDS & FISH AQUARIUM,"351, JURONG EAST STREET 31, #01- 101, YUHUA PLACE, 600351"
AS22C00021,ART OF PETS GROOMING SCHOOL PTE. LTD.,"479, JOO CHIAT ROAD, LEVEL 2, 427684"
AS07D00018,ATLANTIS AQUARIUM,"154, SERANGOON NORTH AVE 1, #01- 424, 550154"
AS18J00041,BABYFISH PTE. LTD.,"843, TAMPINES STREET 83, #01- K1, TAMPINES VILLE, 520843"
AS22H00054,BARKBUZZ PUPPY'S BOUTIQUE PTE. LTD.,"324B, CHANGI ROAD, LEVEL 1, 419799"
AS23F00029,BARKOPIA PTE. LTD.,"1210, UPPER THOMSON ROAD, LEVEL 1, 787126"
AS22H00048,BARKTENDER,"249, JURONG EAST STREET 24, #01- 90, 600249"
AS22E00032,BETTA BROS SG,"1, JALAN DUSUN, #01- 27, ONE DUSUN RESIDENCES, 329363"
AS23F00033,BETTA BROS SG,"456, BALESTIER ROAD, #02- 12, ASCENT @ 456, 329832"
AS22G00047,BIRD KEEPERS,"38, TELOK BLANGAH RISE, #01- 337, 90038"
AS11F00021,BIRD SHOP 159,"159, ANG MO KIO AVE 5, #01- 530, 560159"
AS21E00019,BLEUPAWS BRITISH SHORTHAIR,"3, SOUTH BUONA VISTA ROAD, #B1- 16, VIVA VISTA, 118136"
AS18C00014,BLUE CRYSTAL AQUARIUM PTE. LTD.,"1120, SERANGOON ROAD, LEVEL 1, 328205"
AS11D00016,BLUE PARADISE AQUARIUM,"151, SERANGOON NORTH AVE 2, #01- 63, 550151"
AS22M00010,BLUE SHELTS PTE. LTD.,"482, MACPHERSON ROAD, LEVEL 1, 368194"
AS20K00053,BLUECREST CATTERY PTE. LTD.,"3, SOUTH BUONA VISTA ROAD, #B1- 43, VIVA VISTA, 118136"
AS12K00038,BOW WOW PET CORNER,"94, YIO CHU KANG ROAD, 545573"
AS21E00020,BOW WOW PETS PRIVATE LIMITED,"308, TELOK KURAU ROAD, #01- 10/11, VIBES @ EAST COAST, 423858"
AS20L00059,BOW WOW PETS PRIVATE LIMITED,"308, TELOK KURAU ROAD, #01- 26, VIBES @ EAST COAST, 423858"
AS21K00059,B'SMILEY CATTITUDE PTE. LTD.,"474, MACPHERSON ROAD, LEVEL 1, 368190"
AS21M00005,BUBBLES@SA848 PTE. LTD.,"848, SIMS AVENUE, #01- 726, 400848"
AS20F00021,BUBBLES@W325 PTE. LTD.,"325, WOODLANDS STREET 32, #01- 147, 730325"
AS22H00052,BUBBLES@Y461 PTE. LTD.,"461, YISHUN AVENUE 6, #01- 11, 760461"
AS22L00070,CATACURE PTE. LTD.,"3, SOUTH BUONA VISTA ROAD, #B1- 60, VIVA VISTA, 118136"
AS17B00013,CATSMART SUPPLY AND DISTRIBUTION PTE. LTD.,"14, JALAN LEBAN, LEVEL 1, SEMBAWANG HILLS ESTATE, 577553"
AS19D00023,CATSMART SUPPLY AND DISTRIBUTION PTE. LTD.,"258, PASIR RIS STREET 21, #02- 02, LOYANG POINT, 510258"
AS21K00066,CATZILLA PTE. LTD.,"68, JALAN JURONG KECHIL, #01- 15, SUITES AT BUKIT TIMAH, 596180"
AS06E01651,CHAI DISCUS FARM,"505, ANG MO KIO AVE 8, #01- 2672, 560505"
AS87M0502,CHUA'S PET TRADING,"151, SERANGOON NORTH AVE 2, #01- 57, 550151"
AS84M0382,CLEMENTI FLORIST & AQUARIUM,"328, CLEMENTI AVE 2, #01- 210, 120328"
AS20A00013,COLLABSPACE PTE. LTD.,"799, NORTH BRIDGE ROAD, LEVEL 1, 198767"
AS22M00009,COLLABSPACE PTE. LTD.,"160, EAST COAST ROAD, LEVEL 1, 428867"
AS20J00040,CORAL FANATICS,"160, CHANGI ROAD, #B1- 04, HEXACUBE, 419728"
AS21D00017,COSY PAWS PET CARE CENTRE,"200, TURF CLUB ROAD, #01- 31, THE GRANDSTAND, 287994"
AS21H00041,COTTON PUPS PRIVATE LIMITED,"114, ANG MO KIO AVENUE 4, #01- 367, KEBUN BARU HEIGHTS, 560114"
AS23C00017,COTTON PUPS PRIVATE LIMITED,"114, ANG MO KIO AVENUE 4, #01- 361, KEBUN BARU HEIGHTS, 560114"
AS07H00045,CRS HAVEN,"477, TAMPINES ST.43, #01- 158A, 520477"
AS20J00037,CUDDLES AND PURRS,"183, JALAN PELIKAT, #01- 93, THE PROMENADE@PELIKAT, 537643"
AS02F1051,D. P. S. FASHION ENTERPRISE,"266, SERANGOON CENTRAL DRIVE, #02- 255, 550266"
AS19K00047,DAILY DOGS,"262, BALESTIER ROAD, #01- 03, OKIO, 329714"
AS19L00054,DAILY DOGS @ BRIGHTON PTE. LTD.,"65, BRIGHTON CRESCENT, LEVEL 1, SERANGOON GARDEN ESTATE, 559211"
AS19K00049,DE AQUATIC PTE. LTD.,"706, GEYLANG ROAD, LEVEL 1, 389621"
AS21L00069,DESIGNER BENGAL SINGAPORE PTE. LTD.,"308, TELOK KURAU ROAD, #01- 14, VIBES @ EAST COAST, 423858"
AS20K00049,DIAMOND WINGS HOLDING PTE. LTD.,"320, TANJONG KATONG ROAD, LEVEL 1, 437101"
AS16E00020,DISCUS PALACE,"154, SERANGOON NORTH AVE 1, #01- 416, 550154"
AS23C00018,DISCUS SG,"183, JALAN PELIKAT, #01- 92, THE PROMENADE@PELIKAT, 537643"
AS09J00027,DOG AVENUE,"1074, SERANGOON ROAD, LEVEL 1, 328179"
AS22G00039,DOGFATHER PTE. LTD.,"160, CHANGI ROAD, #01- 10, HEXACUBE, 419728"
AS16A00005,DOGGIE DELIGHT PTE LTD,"28, GREENWOOD AVE, 289227"
AS13A00004,DOLLHOUSE PETS,"7, KAMPONG BAHRU ROAD, LEVEL 1, 169342"
AS97J0667,DRAGON HOUSE BIRDS & ACCESSORY,"38, TELOK BLANGAH RISE, #01- 341, 90038"
AS23B00010,DREAMPETS,"481, SIMS AVENUE, LEVEL 1, 387553"
AS12J00037,DREAMY PAWS,"324M, CHANGI ROAD, LEVEL 1, 419799"
AS18K00046,E HOBBY PETS AND SUPPLIES,"2, JALAN LOKAM, #01- 39, KENSINGTON SQUARE, 537846"
AS21F00026,E HOBBY PETS AND SUPPLIES,"2, JALAN LOKAM, #01- 30, KENSINGTON SQUARE, 537846"
AS10J00037,EAST OCEAN AQUATIC TRADING CENTRE,"22, HAVELOCK ROAD, #01- 699, 160022"
AS21J00045,EASY AQUARIUM SG,"1, CHANGI VILLAGE ROAD, #01- 2048, 500001"
AS18K00045,EBM TRADING,"333, KRETA AYER ROAD, #02- 25, KRETA AYER HEIGHTS, 80333"
AS20K00056,EDMUND AQUATICS,"537, BEDOK NORTH STREET 3, #01- 565, 460537"
AS21J00048,EMPIRE EXOTIC AROWANA,"1, WEST COAST DRIVE, #01- K15, NEWEST, 128020"
AS19M00004,FEATHERS & FUR @JURONG,"259, JURONG EAST STREET 24, #01- 437, 600259"
AS13G00021,FEATHERS & FUR PETMART,"2, BALESTIER ROAD, #01- 689, BALESTIER HILL SHOPPING CENTRE, 320002"
AS21L00073,FEIMAO ENTERPRISES PTE. LTD.,"337, JOO CHIAT ROAD, LEVEL 1, 427590"
AS07C00015,FISH A PET,"684, HOUGANG AVE 8, #01- 947, 530684"
AS16E00022,FISHY BUSINESS ELEMENTS PTE. LTD.,"96C, JALAN SENANG, #03- 01, 418483"
AS19C00013,FJM TRADING,"117, COMMONWEALTH DRIVE, #01- 727, 140117"
AS22L00066,FLUFFYDOLLS CATFE PTE. LTD.,"555A, BALESTIER ROAD, LEVEL 2, 329871"
AS23C00016,FLY AQUARIUM,"21, CHAI CHEE ROAD, #01-, 432, PING-AN GARDENS, 461021"
AS23E00025,FORELSKET FLUFFS PTE. LTD.,"17B, TEO HONG ROAD, LEVEL 3, 088329"
AS20A00009,FRESH N MARINE PTE. LTD.,"79, UPPER EAST COAST ROAD, LEVEL 1, GOODWILL COURT, 455219"
AS22K00065,FRESH N MARINE PTE. LTD.,"443, ANG MO KIO AVENUE 10, #01-, 1233, 560443"
AS21G00034,FRIENDS FUR LIFE PTE. LTD.,"302, LAVENDER STREET, LEVEL 1, 338811"
AS19J00043,FUR ARTS GROOMING SALON,"537, BEDOK NORTH STREET 3, #01-, 547, 460537"
AS23D00024,FUR FAIRY CAT HOUSE,"427, EAST COAST ROAD, LEVEL 1, 429014"
AS22D00025,FUREVER LOVE PTE. LTD.,"466, MACPHERSON ROAD, LEVEL 1, 368184"
AS87M0503,FWU HAE PET SHOP,"151, SERANGOON NORTH AVE 2, #01-, 61, 550151"
AS22M00006,GALEKSY SG PTE. LTD.,"3, SOUTH BUONA VISTA ROAD, #B1-, 41, VIVA VISTA, 118136"
AS22J00055,GENETIQUE PRIVATE LIMITED,"183, JALAN PELIKAT, #B2-, 21, THE PROMENADE@PELIKAT, 537643"
AS21K00058,GETTABETTASG,"183, JALAN PELIKAT, #01-, 106, THE PROMENADE@PELIKAT, 537643"
AS22F00037,GOLDFISH PALACE,"46, JALAN BUKIT HO SWEE, #01-, 876, THE BEO CRESCENT, 160046"
AS90M0578,GOODWILL BIRDS TRADING,"154, SERANGOON NORTH AVE 1, #01-, 428, 550154"
AS12F00028,GREEN CHAPTER PTE LTD,"565, MACPHERSON ROAD, #01-, 00, 368234"
AS21E00021,GREEN FINGERS AQUARIST PTE. LTD.,"4, SAGO LANE, #02-, 103, KRETA AYER HEIGHTS, 050004"
AS19M00006,HAMSTER HAVEN,"6001, BEACH ROAD, #B1-, 94, GOLDEN MILE TOWER, 199589"
AS09G00018,HAN ZI PET SHOP,"746, BEDOK RESERVOIR ROAD, #01-, 3003, 470746"
AS21M00004,HAPPYPAWS,"93, KOVAN ROAD, #01-, 01, VIBES @ KOVAN, 548178"
AS16F00024,HEISENBERG PET & AQUARIUM CENTRE,"154, SERANGOON NORTH AVE 1, #01-, 418, 550154"
AS19K00052,HELLO HUMAN PTE. LTD.,"270, JOO CHIAT ROAD, LEVEL 1, 427524"
AS16K00037,HONG YANG AQUARIUM N PETS ACCESSORIES,"306, CHOA CHU KANG AVENUE 4, #01-, 681, 680306"
AS07M00007,HOUSE OF CHINCHILLA,"154, SERANGOON NORTH AVE 1, #01-, 406, 550154"
AS22F00036,HOUSE OF DISCUS,"98, YIO CHU KANG ROAD, LEVEL 1, 545575"
AS19L00057,HOUSE OF PUPS SIGNATURE,"155, STILL ROAD, LEVEL 1 AND MEZZANINE, BOON COURT, 423992, *"
AS17L00040,IMPERIAL PET SHOP,"910F, UPPER THOMSON ROAD, LEVEL 1, 787112"
AS23A00007,INU TOWN PLUS PTE. LTD.,"215K, UPPER THOMSON ROAD, LEVEL 1, THOMSON RIDGE, 574349"
AS17L00039,I-PETS,"333, KRETA AYER ROAD, #01-, 30, KRETA AYER HEIGHTS, 080333"
AS19M00003,IVEN BETTA,"9, KING ALBERT PARK, #02-, 15, KAP, 598332"
AS20A00011,JAMES BIRD SHOP,"251, CHANGI ROAD, LEVEL 1, 419743"
AS22G00041,JARDIN DE PAWS,"170, EAST COAST ROAD, #01-, 00, 428876"
AS23D00021,JC AQUATIC TRADING PTE. LTD.,"80, CHANGI ROAD, #02-, 72, CENTROPOD @ CHANGI, 419715"
AS02K1276,JUNGLE LITTLE LAND,"463, JURONG WEST STREET 41, #01-, 584/6, 640463"
AS21K00056,JUST BETTA,"430, UPPER CHANGI ROAD, #01-, 92, EAST VILLAGE, 487048"
AS16J00028,JZXONLINE,"68, JALAN JURONG KECHIL, #01-, 36, SUITES AT BUKIT TIMAH, 596180"
AS86M0480,K&K AQUARIUM & BIRD CENTRE,"201D, TAMPINES STREET 21, #01-, 1145, 524201"
AS03G1411,K1 PETS SHOP,"84, BEDOK NORTH STREET 4, #01-, 09, 460084"
AS04C1483,KELSONBETTA,"50, EAST COAST ROAD, #02-, 20, ROXY SQUARE 1, 428769"
AS17M00003,KEOW SONG BIRDS' TRADING,"509, BEDOK NORTH STREET 3, #01-, 145, 460509"
AS95M0624,KOHAKU AQUARIUM AND FISHING ACCESSORIES,"416, BEDOK NORTH AVE 2, #01-, 19, 460416"
AS22F00035,KS CARLOS AQUARIUM,"100, JALAN SULTAN, #01-, 15, SULTAN PLAZA, 199001"
AS17B00012,KS PETS HUB,"716, YISHUN STREET 71, #01-, 276, 760716"
AS22F00034,KW SHRIMPS,"3, SOUTH BUONA VISTA ROAD, #B1-, 44, VIVA VISTA, 118136"
AS19K00051,KWONG FATT PETS CENTRE,"532, ANG MO KIO AVENUE 10, #01-, 2487, CHENG SAN CENTRE, 560532"
AS80M0319,LAKE VIEW AQUARIUM,"8, EUNOS CRESCENT, #01-, 2671, 400008"
AS22B00019,LAVISH PET CENTRE LLP,"1, ROCHDALE ROAD, LEVEL 1, 535814"
AS23A00009,LE PETS KINGDOM PTE. LTD.,"784, UPPER BUKIT TIMAH ROAD, LEVEL 1, 678127"
AS09D00010,LEE AH LENG BIRD SHOP,"141, SIMS AVE, 387463"
AS17E00020,LFS AQUARIUM PTE. LTD.,"328, CLEMENTI AVENUE 2, #01-, 186, 120328"
AS18J00035,LITRAMIN FISH FOOD PRODUCTS AND COMPANY,"631, BEDOK RESERVOIR ROAD, #01-, 958, EUNOS GROVE, 470631"
AS21H00035,LITTLE BLACK NOSE,"2, JALAN LOKAM, #01-, 42, KENSINGTON SQUARE, 537846"
AS21F00025,LITTLE CATS & CO PTE. LTD.,"190, JOO CHIAT ROAD, #04-, 01, 427461"
AS23B00014,LITTLE HEROES PTE. LTD.,"1, THOMSON ROAD, #01-, 338, BALESTIER HILL SHOPPING CENTRE, 300001"
AS21B00009,LITTLE PETS KINGDOM,"928, YISHUN CENTRAL 1, #01-, 141, 760928"
AS23E00026,LITTLE PETS KINGDOM,"928, YISHUN CENTRAL 1, #01-, 145, 760928"
AS18B00011,LONG CHENG AQUARIUM,"157, ANG MO KIO AVENUE 4, #01-, 576, MAYFLOWER SHOPPING & FOOD CENTRE, 560157"
AS20K00050,M.QK SERVICES,"53, SIMS PLACE, #01-, 176A, SIMS VISTA, 380053"
AS20J00036,MADPETZ AQUATIC STUDIO LLP,"607, ANG MO KIO AVENUE 4, #01-, 1287, 560607"
AS22G00043,MADSHRIMP LLP,"50, GAMBAS CRESCENT, #10-, 20, PROXIMA@GAMBAS, 757022'"
AS23A00006,MAINECOON CATTERY SG,"183, JALAN PELIKAT, #B1-, 22, THE PROMENADE@PELIKAT, 537643"
AS21L00067,MAME PTE. LTD.,"12, FLANDERS SQUARE, LEVEL 1, 209300"
AS18B00009,MEWTANTS & WOOFS,"9, KING ALBERT PARK, #01-, 13, KAP, 598332"
AS22H00051,MIAODIALOGY PTE. LTD. - SUSPENDED,"340, GEYLANG ROAD, #01-, 30, LE REGAL, 389365"
AS15L00033,MINI PET STORE,"265, BUKIT BATOK EAST AVENUE 4, #01-, 391, 650265"
AS21J00044,MINISTRY OF PUP LLP,"43, KAMPONG BAHRU ROAD, LEVEL 1, 169359"
AS22C00024,MINISTRY OF RAY,"68, JALAN JURONG KECHIL, #01-, 37, SUITES AT BUKIT TIMAH, 596180"
AS19D00018,MINNIE'S CHINCHILLAS PTE. LTD.,"110, YISHUN RING ROAD, #01-, 385, 760110"
AS21A00008,MIRACULOUS CATCH AQUARIUM,"3, SOUTH BUONA VISTA ROAD, #01-, 27, VIVA VISTA, 118136"
AS22M00002,MOFU HOUSE,"12, JALAN SELASEH, LEVEL 1, SELETAR HILLS ESTATE, 808438"
AS23A00008,MONSTERFISH.INC,"55, CHANGI ROAD, #B1-, 14, MILLAGE, 419709"
AS22L00071,MY BETTA GALLERY,"55, CHANGI ROAD, #B1-, 27, MILLAGE, 419709"
AS00L0801,NA NATURE AQUARIUM,"1, THOMSON ROAD, #01-, 340, 300001"
AS08H00031,NATURE FRIENDS,"374, BUKIT BATOK ST.31, #01-, 188, 650374"
AS88M0553,NEO KIM SUEY AQUARIUM,"211, HOUGANG STREET 21, #01-, 299, 530211"
AS12H00034,NEW KATONG AQUARIUM,"865, MOUNTBATTEN ROAD, #B1-, 23, KATONG SHOPPING CENTRE, 437844"
AS19D00022,OCEANIA REEFZ,"181, UPPER PAYA LEBAR ROAD, LEVEL 1, 534866"
AS20L00064,OH MY FISH,"76, HORNE ROAD, LEVEL 1, 209077"
AS22B00015,OMO OMO PET SHOP (PRIVATE LIMITED),"259, UPPER THOMSON ROAD, #01-, 259, SOO CHOW GARDEN, 574386"
AS21G00029,ONE STOP AQUARIUM,"51, LORONG 6 TOA PAYOH, #01-, 66, EAST PAYOH PALM, 310051"
AS22H00050,ONLYFURS PTE. LTD.,"482, SERANGOON ROAD, #04-, 01, 218149"
AS22L00073,ONLYPAWS,"1, TOWNSHEND ROAD, #01-, 00, 207599"
AS23B00012,ORIGINS CATTERY,"183, JALAN PELIKAT, #01-, 101, THE PROMENADE@PELIKAT, 537643"
AS22L00072,OTOLITH ENRICHMENT,"809, FRENCH ROAD, #02-, 37, KITCHENER COMPLEX, 200809"
AS23B00013,OURLOVELYGOLDFISHSINGAPORE,"55, CHANGI ROAD, #B1-, 21, MILLAGE, 419709"
AS22G00046,PAPI PURR PAWZ PTE. LTD.,"3, SOUTH BUONA VISTA ROAD, #B1-, 27, VIVA VISTA, 118136"
AS23D00020,PAW PALACE SG PTE. LTD.,"285, TANJONG KATONG ROAD, LEVEL 1, 437068"
AS22J00058,PAWFECT PETS PTE. LTD.,"278, EAST COAST ROAD, #01-, 01, 428944"
AS17M00002,PAWFESSIONAL PTE. LTD.,"1026, SEMBAWANG ROAD, LEVEL 1, 758499"
AS22A00011,PAWS & PALS HOLDINGS PTE. LTD.,"39, KAMPONG BAHRU ROAD, LEVEL 1, 169357"
AS20K00051,PAWS AND WOOFERS PTE. LTD.,"482, GEYLANG ROAD, LEVELS 1 AND 2, 389441"
AS22D00027,PAWSOME WOOF PTE. LTD.,"685, RACE COURSE ROAD, #01-, 334, 210685"
AS20F00024,PAWSOME.SG PTE. LTD.,"212, CHANGI ROAD, LEVEL 1, 419735"
AS21K00060,PET FABLES PTE. LTD.,"35, ENG KONG TERRACE, LEVEL 1, ENG KONG PARK, 599008"
AS12L00040,PET LOVERS CENTRE PTE. LTD.,"100, TRAS STREET, #04-, 03, 100AM, 079027"
AS15J00026,PET LOVERS CENTRE PTE. LTD.,"888, WOODLANDS DRIVE 50, #01-, 735, 888 PLAZA, 730888"
AS07J00055,PET LOVERS CENTRE PTE. LTD.,"370, ALEXANDRA ROAD, #B1-, 26, ANCHOR POINT, 159953"
AS12H00032,PET LOVERS CENTRE PTE. LTD.,"345, BEDOK ROAD, 469530"
AS13L00036,PET LOVERS CENTRE PTE. LTD.,"311, NEW UPPER CHANGI ROAD, #B2-, 59, BEDOK MALL, 467360"
AS13G00020,PET LOVERS CENTRE PTE. LTD.,"271, BUKIT TIMAH RD, #01-, 05, BALMORAL PLAZA, 259708"
AS09M00002,PET LOVERS CENTRE PTE. LTD.,"51, ANG MO KIO AVE 3, #01-, 02, BIG MAC CENTRE, 569922"
AS11B00011,PET LOVERS CENTRE PTE. LTD.,"3155, COMMONWEALTH AVE WEST, #B1-, 02, THE CLEMENTI MALL, 129588"
AS12M00001,PET LOVERS CENTRE PTE. LTD.,"10, CHUN TIN RD, 599597"
AS15A00004,PET LOVERS CENTRE PTE. LTD.,"625, ELIAS ROAD, #01-, 308, ELIAS MALL, 510625"
AS14H00018,PET LOVERS CENTRE PTE. LTD.,"4, HILLVIEW RISE, #02-, 16, THE HILLER, 667979"
AS13L00035,PET LOVERS CENTRE PTE. LTD.,"21, HOUGANG STREET 51, #01-, 17\18, HOUGANG GREEN, 538719"
AS12E00017,PET LOVERS CENTRE PTE. LTD.,"205, HOUGANG ST 21, #03-, 00, HEARTLAND MALL, 530205"
AS08G00026,PET LOVERS CENTRE PTE. LTD.,"31A/33A, LORONG LIPUT, HOLLAND VILLAGE, 277744"
AS15E00017,PET LOVERS CENTRE PTE. LTD.,"2, JURONG EAST ST 21, #02-, 31, IMM BUILDING, 609601"
AS12A00003,PET LOVERS CENTRE PTE. LTD.,"1, WOODLANDS RD, #01-, 01, JUNCTION 10, 677899"
AS04A1434,PET LOVERS CENTRE PTE. LTD.,"9, BISHAN PLACE, #B1-, 14, JUNCTION 8 SHOPPING CENTRE, 579837"
AS12D00011,PET LOVERS CENTRE PTE. LTD.,"2, JURONG EAST CENTRAL 1, #B1-, 17, JCUBE, 609731"
AS13F00015,PET LOVERS CENTRE PTE. LTD.,"50, JURONG GATEWAY ROAD, #B1-, 24\25, JEM, 608549"
AS12H00036,PET LOVERS CENTRE PTE. LTD.,"8, JALAN LEBAN, SEMBAWANG HILLS ESTATE, 577550"
AS05B1623,PET LOVERS CENTRE PTE. LTD.,"21, CHOA CHU KANG AVE 4, #B1-, 19, LOT 1 SHOPPERS' MALL, 689812"
AS10L00046,PET LOVERS CENTRE PTE. LTD.,"23, SERANGOON CENTRAL, #04-, 03, NEX, 556083"
AS14K00101,PET LOVERS CENTRE PTE. LTD.,"11, TANJONG KATONG ROAD, #B1-, 18, ONE KM, 437157"
AS15H00021,PET LOVERS CENTRE PTE. LTD.,"200, VICTORIA STREET, #B1-, 27, BUGIS JUNCTION, 188021"
AS07K00058,PET LOVERS CENTRE PTE. LTD.,"68, ORCHARD ROAD, #B2-, 19A, PLAZA SINGAPURA, 238839"
AS08G00025,PET LOVERS CENTRE PTE. LTD.,"80, MARINE PARADE ROAD, #B1-, 13, PARKWAY PARADE, 449269"
AS04F1517,PET LOVERS CENTRE PTE. LTD.,"10, KENSINGTON PARK ROAD, 557262"
AS11D00017,PET LOVERS CENTRE PTE. LTD.,"725, EAST COAST RD, 459072"
AS14L00104,PET LOVERS CENTRE PTE. LTD.,"33, SENGKANG WEST AVE, #B2-, 12, THE SELETAR MALL, 797653"
AS15D00013,PET LOVERS CENTRE PTE. LTD.,"3, TEMASEK BOULEVARD, #02-, 722, SUNTEC CITY MALL, 038983"
AS13B00009,PET LOVERS CENTRE PTE. LTD.,"139, TAMPINES ST 11, #01-, 94, 521139"
AS09E00015,PET LOVERS CENTRE PTE. LTD.,"4, TAMPINES CENTRAL 5, #B1-, 25 / 26, TAMPINES MALL, 529510"
AS14G00011,PET LOVERS CENTRE PTE. LTD.,"11, TAMPINES ST 32, #01-, 08, 529287"
AS12E00019,PET LOVERS CENTRE PTE. LTD.,"301, UPPER THOMSON RD, #01-, 74, THOMSON PLAZA, 574408"
AS10B00012,PET LOVERS CENTRE PTE. LTD.,"177, TOA PAYOH CENTRAL, #01-, 116, 310177"
AS11B00012,PET LOVERS CENTRE PTE. LTD.,"491, RIVER VALLEY ROAD, #01-, 14A, VALLEY POINT, 248371"
AS09C00008,PET LOVERS CENTRE PTE. LTD.,"154, WEST COAST ROAD, #02-, 09, WEST COAST PLAZA, 127371"
AS11H00032,PET LOVERS CENTRE PTE. LTD.,"30, WOODLANDS AVE 1, #01-, 16/ 17, THE WOODGROVE, 739065"
AS18M00002,PET LOVERS CENTRE PTE. LTD.,"1, NORTHPOINT DRIVE, #B1-, 113, NORTHPOINT CITY, 768019"
AS16B00008,PET LOVERS CENTRE PTE. LTD.,"1, PASIR RIS CENTRAL STREET 3, #B1-, 13, WHITE SANDS, 518457"
AS20H00030,PET LOVERS CENTRE PTE. LTD.,"494, CHANGI ROAD, LEVEL 1, 419901"
AS18H00033,PET LOVERS CENTRE PTE. LTD.,"221, BOON LAY PLACE, #02-, 118, BOON LAY SHOPPING CENTRE, 640221"
AS20F00022,PET LOVERS CENTRE PTE. LTD.,"793, BUKIT TIMAH ROAD, #01-, 01, 269765"
AS22K00064,PET LOVERS CENTRE PTE. LTD.,"1, JALAN ANAK BUKIT, #B2-, 07, BUKIT TIMAH PLAZA, 588996"
AS19H00038,PET LOVERS CENTRE PTE. LTD.,"133, NEW BRIDGE ROAD, #B1-, 05, CHINATOWN POINT, 059413"
AS18J00036,PET LOVERS CENTRE PTE. LTD.,"1, KIM SENG PROMENADE, #01-, 60, GREAT WORLD CITY, 237994"
AS17B00010,PET LOVERS CENTRE PTE. LTD.,"17, PETIR ROAD, #B2-, 22, HILLION MALL, 678278"
AS20M00003,PET LOVERS CENTRE PTE. LTD.,"1, VISTA EXCHANGE GREEN, #01-, 14/15, THE STAR VISTA, 138617"
AS21K00063,PET LOVERS CENTRE PTE. LTD.,"163, TANGLIN ROAD, #03-, 107, TANGLIN MALL, 247933"
AS18G00026,PET LOVERS CENTRE PTE. LTD.,"1, HARBOURFRONT WALK, #03-, 03, VIVO CITY, 098585"
AS16M00004,PET LOVERS CENTRE PTE. LTD.,"83, PUNGGOL CENTRAL, #B2-, 10, WATERWAY POINT, 828761"
AS20M00005,PET LOVERS CENTRE PTE. LTD.,"20, AH HOOD ROAD, #01-, 31, ZHONGSHAN MALL, 329984"
AS04M0495,PET MART PTE LTD,"151, SERANGOON NORTH AVE 2, #01-, 79, 550151"
AS21E00022,PET MASTER,"3, SIMEI STREET 6, #01-, 26/27, EASTPOINT MALL, 528833"
AS20H00031,PET MASTER,"206, BEDOK NORTH STREET 1, #01-, 355, BEDOK CENTRAL AREA OFFICE, 460206"
AS21M00003,PET ME PLEASE SG PTE. LTD.,"48, JOO CHIAT PLACE, LEVEL 1, 427772"
AS23F00028,PET ME PLEASE SG PTE. LTD.,"509, BALESTIER ROAD, LEVELS 1 AND 2, 329848"
AS22D00028,PET OF MINE PRIVATE LIMITED,"2, RUBY LANE, LEVEL 1, 328277"
AS22E00033,PETMANIA PTE. LTD.,"233, YISHUN STREET 21, #01-, 468, 760233"
AS20L00060,PETS ATELIER PTE. LTD.,"883, BUKIT TIMAH ROAD, LEVEL 1, 279894"
AS20G00025,PETS EVERYTHING TODAY PTE. LTD.,"20, JALAN SELASEH, LEVEL 1, SELETAR HILLS ESTATE, 808442"
AS10A00009,PETS' GANTRY,"92, LORONG 4 TOA PAYOH, #01-, 276, 310092"
AS17L00042,PETS PHILOSOPHY PTE. LTD.,"230, UPPER THOMSON ROAD, LEVEL 1, THOMSON GARDEN ESTATE, 574423"
AS11E00019,PETS' STATION HOLDING PTE LTD,"1, WOODLANDS SQUARE, #B1-, 01, CAUSEWAY POINT, 738099"
AS14F00007,PETS' STATION HOLDING PTE LTD,"1, JURONG WEST CENTRAL 2, #01-, 17A/B, JURONG POINT, 648886"
AS92M0588,PETS' STATION HOLDING PTE LTD,"16A, MAJU AVENUE, LEVEL 2, 556692"
AS18J00034,PETS' STATION HOLDING PTE LTD,"681, PUNGGOL DRIVE, #01-, 02/03, OASIS TERRACES, 820681"
AS15K00027,PETS' STREET,"30, SEMBAWANG  DRIVE, #01-, 18, SUN PLAZA, 757713"
AS99C0711,PETS TALES,"46, JALAN EUNOS, 419504"
AS21H00040,PETS&CO PTE. LTD.,"160, CHANGI ROAD, #01-, 09, HEXACUBE, 419728"
AS11C00015,PETS'S KIOSK PET SALON,"154, SERANGOON NORTH AVE 1, #01-, 420, 550154"
AS21L00071,PETSVALE ANIMAL COTTAGE PTE. LTD.,"114, YIO CHU KANG ROAD, LEVEL 1, 545581"
AS23C00015,PH SE7EN AQUATICS,"151, SERANGOON NORTH AVENUE 2, #01-, 71, 550151"
AS03L1461,PICK A PET PTE. LTD.,"31A/33A, LORONG LIPUT, 277742"
AS11M00003,PICK A PET PTE. LTD.,"23, SERANGOON CENTRAL, #04-, 71, NEX MALL, 556083"
AS20M00004,PICK A PET PTE. LTD.,"1, VISTA EXCHANGE GREEN, #01-, 14, THE STAR VISTA, 138617"
AS18F00024,PICK A PET PTE. LTD.,"1, HARBOURFRONT WALK, #03-, 03, VIVO CITY, 098585"
AS17L00038,PINNACLE AQUATICS & MARINE SPECIALIST,"164, TAMPINES STREET 12, #01-, 291, 521164"
AS19J00042,PLAYGROUND CATTERY,"237B, JOO CHIAT ROAD, #03-, 01, 427494"
AS20B00016,POLYART AQUARIUM,"84, BEDOK NORTH STREET 4, #01-, 03, 460084"
AS16B00007,POLYART AQUARIUM,"265, BUKIT BATOK EAST AVE 4, #01-, 385, 650265"
AS16M00001,POLYART AQUARIUM,"328, CLEMENTI AVE 2, #01-, 194, 120328"
AS18M00003,POLYART AQUARIUM,"4, SAGO LANE, #01-, 127, 050004"
AS14L00103,POLYART AQUARIUM,"934, YISHUN CENTRAL 1, #01-, 51/53, 760934"
AS20J00038,POLYART TRADING & SERVICES,"4, SAGO LANE, #01-, 115, KRETA AYER HEIGHTS, 050004"
AS14G00013,POOCH'S IMAGE,"119, UPPER EAST COAST ROAD, #01-, 01, 455244"
AS22G00045,POSEIDON AQUATICS PTE. LTD.,"1, JALAN DUSUN, #01-, 29, ONE DUSUN RESIDENCES, 329363"
AS23M00004,POSEIDON AQUATICS PTE. LTD.,"1, JALAN DUSUN, #01-, 21, ONE DUSUN RESIDENCES, 329363"
AS23F00031,POSEIDON AQUATICS PTE. LTD.,"71, CARPMAEL ROAD, LEVEL 1, 429806"
AS23E00027,PRIORITY PET SERVICE PTE. LTD.,"592D, BALESTIER ROAD, LEVEL 1, 329902"
AS20L00062,PROPET,"21, KALIDASA AVENUE, LEVEL 1, TEACHER'S HOUSING ESTATE, 789400"
AS23D00022,PUPPY KINGDOM PTE. LTD.,"3, JALAN ANAK BUKIT, #01-, 01, SHERWOOD TOWERS, 588998"
AS20K00054,PURRFECT MEOWS,"3, SOUTH BUONA VISTA ROAD, #B1-, 62, VIVA VISTA, 118136"
AS22J00061,PUSHEENLAND,"1, MARNE ROAD, #01-, 26, THE CITRON, 208380"
AS22M00004,Q CATTERY PTE. LTD.,"80, CHANGI ROAD, #01-, 39, CENTROPOD @ CHANGI, 419715"
AS87M0519,QUE FENG BIRD & PET TRADING ENTERPRISES,"154, SERANGOON NORTH AVE 1, #01-, 410, 550154"
AS07H00051,QUE FENG BIRD & PET TRADING ENTERPRISES,"2, LIM TUA TOW ROAD, LEVEL 1, 547710"
AS22G00040,RAKU INU PTE. LTD.,"90, JALAN SENANG, LEVEL 1, 418461"
AS23M00002,REEF MONSTER PTE. LIMITED,"183, JALAN PELIKAT, #01-, 01, THE PROMENADE@PELIKAT, 537643"
AS16J00032,REEFING REALITY,"17, DAIRY FARM ROAD, #B1-, 03, THE DAIRY FARM, 679043"
AS21K00052,REEFMARKETSG PTE. LTD.,"108, OWEN ROAD, LEVEL 1, OWEN COURT, 218915"
AS21K00065,RES PARADISE,"151, SERANGOON NORTH AVENUE 2, #01-, 73, 550151"
AS20K00052,RF AQUARIUM,"321, HOUGANG AVENUE 5, #01-, K1, 530321"
AS17H00029,RHQ RABBITHEADQUARTERS LIMITED LIABILITY PARTNERSHIP,"48, JALAN LIMBOK, LEVEL 1, NANYANG PARK, 548729"
AS23A00005,ROOM 194,"194, KIM KEAT AVENUE, #01-, 392A, KIM KEAT VIEW, 310194"
AS22L00068,ROYALE CRAY SPECIALIST 2,"200, TURF CLUB ROAD, #02-, 01B, THE GRANDSTAND, 287994"
AS07F00035,SAN SOON PETS SHOP,"114, ANG MO KIO AVE 4, #01-, 353, 560114"
AS12D00015,SCRUFFIEZ,"123, HOUGANG AVE 1, #01-, 1422, 530123"
AS19H00039,SEA LIFE AQUARIUM,"78, INDUS ROAD, #01-, 481, INDUS GARDEN, 161078"
AS21J00047,SEASONAL AQUARIUM PTE. LTD.,"443, ANG MO KIO AVENUE 10, #01-, 1233, 560443"
AS19D00021,SEVEN STAR AQUARIUM,"253, CHOA CHU KANG AVENUE 1, #01-, 27, KEAT HONG SHOPPING CENTRE, 680253"
AS22H00053,SGCATHOUSE,"228, CHANGI ROAD, #B1-, 12, ICON@CHANGI, 419741"
AS22B00012,SHAKE-A-PAW PTE. LTD.,"631, BALESTIER ROAD, LEVEL 1, 329918"
AS22J00056,SHEPHERD & HOUND,"3, SOUTH BUONA VISTA ROAD, #01-, 06, VIVA VISTA, 118136"
AS20H00032,SHRIMP HUB,"354, CLEMENTI AVENUE 2, #01-, 197, CLEMENTI AVENUE 2 SHOPPING CENTRE, 120354"
AS22M00001,SHRIMP SANCTUARY AQUATIC,"68, JALAN JURONG KECHIL, #01-, 20, SUITES AT BUKIT TIMAH, 596180"
AS19H00037,SHRIMPS AFFAIR PTE. LTD.,"801, FRENCH ROAD, #01-, 37, 200801"
AS23C00019,SHUNXIN PET CARE PTE. LTD.,"2, TAI THONG CRESCENT, #01-, 17, THE VENUE SHOPPES, 347836"
AS18A00010,SIAMESEFISH SINGAPURA,"228, CHANGI ROAD, #B1-, 10, ICON@CHANGI, 419741"
AS16J00033,SILKY INTERNATIONAL HOLDINGS PTE. LTD.,"46, JALAN LIMBOK, NANYANG PARK, 548728"
AS19F00033,SIMPLY AQUATICS,"5, EVERTON PARK, #01-, 34, 080005"
AS21J00049,SINGAPORE PARADISE AROWANA,"1, WEST COAST DRIVE, #01-, 60, NEWEST, 128020"
AS22G00042,SINMA GLOBAL PTE. LTD.,"658, GEYLANG ROAD, LEVEL 1, 389588"
AS22B00014,SMALL MEDIUM LARGE JIAO,"48, JALAN EUNOS, LEVEL 1, 419506"
AS21K00051,SOMETHING FISHY,"308, TELOK KURAU ROAD, #01-, 27, VIBES @ EAST COAST, 423858"
AS00J0792,SONG BIRD'S CENTRE,"84, BEDOK NORTH STREET 4, #01-, 31, 460084"
AS08D00016,SOO KEE KENNEL,"625, BALESTIER ROAD, 329915"
AS17G00028,SPECIALISED AQUATICS SOLUTIONS PTE. LTD.,"19, ANAMALAI AVENUE, #01-, 01, 279987"
AS17G00026,SPOTZETTE BENGAL,"228, CHANGI ROAD, #B1-, 07, ICON@CHANGI, 419741"
AS23F00032,STAR WOOF INN PTE. LTD.,"6, RUBY LANE, LEVEL 1, 328281"
AS23F00030,STARLIGHT CATTERY,"511, GUILLEMARD ROAD, #02-, 26, GRANDLINK SQUARE, 399849"
AS17A00005,SUNBEAM AQUARIUM (PTE) LTD,"9, CHENCHARU LINK, LEVEL 1, 768147"
AS22L00067,SUPERCOON,"3, SOUTH BUONA VISTA ROAD, #B1-, 63, VIVA VISTA, 118136"
AS22B00013,SUPERDOGS PTE. LTD.,"506, MACPHERSON ROAD, LEVEL 1, 368206"
AS20B00015,SUPREM3 CORALS PRIVATE LIMITED,"114, JURONG EAST STREET 13, #01-, 402, JURONG EAST VILLE, 600114"
AS20L00061,SUPREM7 CORALS,"2, JALAN LOKAM, #01-, 15, KENSINGTON SQUARE, 537846"
AS01J0856,SYSTEM & CONTROL ENGINEERING COMPANY,"22, BOON KENG ROAD, #01-, 23, 330022"
AS80M0316,TAN AQUARIUM,"14, BEACH ROAD, #01-, 4671, 190014"
AS20L00063,TCL DISCUS,"55, CHANGI ROAD, #B1-, 06, MILLAGE, 419709"
AS21L00075,TECK WHYE AQUARIUM,"26, TECK WHYE LANE, #01-, 196, 680026"
AS00A0748,TECK WOON AQUARIUM,"26, TECK WHYE  LANE, #01-, 194, 680026"
AS02F1066,THAT AQUARIUM,"618, YISHUN RING ROAD, #01-, 3236, 760618"
AS16L00045,THAT AQUARIUM 2 PTE LTD,"282 & 284, CHANGI ROAD, LEVEL 1, 419761"
AS19M00002,THAT AQUARIUM 3 PTE. LTD.,"328, CLEMENTI AVENUE 2, #01-, 198, 120328"
AS22B00018,THE BETTA COLLABORATION PRIVATE LIMITED,"39, CHAI CHEE AVENUE, #01-, 219, 461039"
AS20K00044,THE BURROW LLP,"21, JASMINE ROAD, LEVEL 1, ADELPHI PARK ESTATE, 576587"
AS21F00024,THE LITTLEST THINGS PTE. LTD.,"80, CHANGI ROAD, #02-, 12, CENTROPOD @ CHANGI, 419715"
AS22M00003,THE OASIS SG PTE. LTD.,"6, TAMPINES STREET 92, #01-, 08, YO:HA@TAMPINES, 528893"
AS20K00055,THE PET RESEARCH OUTPOST,"51, CHIN SWEE ROAD, #02-, 75, 160051"
AS21K00054,THE PUP LIFE PTE. LTD.,"496, MACPHERSON ROAD, LEVEL 1, 368201"
AS21H00036,THUNDERBOY PTE. LTD.,"142, LORONG AH SOO, #01-, 237, 530142"
AS16B00009,TIAN CHAI,"608, ANG MO KIO AVENUE 5, #01-, 2783, 560608"
AS18J00038,TIAN CHAI 181,"181, ANG MO KIO AVENUE 5, #01-, 2938, KEBUN BARU LINK 2, 560181"
AS22J00060,TIARA PETS (SG) PTE. LTD.,"266A, JOO CHIAT ROAD, LEVEL 2 AND ATTIC, 427520, *"
AS20J00041,TJ AQUATIC,"56, NEW UPPER CHANGI ROAD, #01-, 1296, 461056"
AS22F00038,TOH AQUARIUM PTE. LTD.,"63, KALLANG BAHRU, #01-, 423/425, KALLANG BAHRU VILLE, 330063"
AS22L00069,TRIDENT PETS PTE. LTD.,"608, ANG MO KIO AVENUE 5, #01-, 2793, 560608"
AS22G00044,TRULY DOLLS PTE. LTD.,"73, KAMPONG BAHRU ROAD, LEVEL 2, 169374"
AS23B00011,TT PETS,"3, SOUTH BUONA VISTA ROAD, #B1-, 24, VIVA VISTA, 118136"
AS22D00026,UNCLE LIM'S DISCUS AQUARIUM,"68, JALAN JURONG KECHIL, #01-, 21, SUITES AT BUKIT TIMAH, 596180"
AS21G00032,UNEED AQUARIUM,"144, TECK WHYE LANE, #01-, 201, 680144"
AS22K00062,URBAN SHRIMPS LLP,"603, ANG MO KIO AVENUE 5, #01-, 2671, YIO CHU KANG GREEN, 560603"
AS18G00027,VEEN IMPEX TRADING,"681, PUNGGOL DRIVE, #01-, 36, OASIS TERRACES, 820681"
AS21F00028,VEEN IMPEX TRADING,"399, YUNG SHENG ROAD, #01-, 08, TAMAN JURONG SHOPPING CENTRE, 610399"
AS21H00042,VEEN IMPEX TRADING,"118, RIVERVALE DRIVE, #02-, 22, RIVERVALE PLAZA, 540118"
AS20J00033,WAG A TAIL PTE. LTD.,"241, JOO CHIAT ROAD, LEVEL 1, 427498"
AS13H00026,WELLFOND PETS PTE. LTD.,"328, TANJONG KATONG ROAD, LEVEL 1, 437105"
AS15A00001,WELLFOND PETS THOMSON LIMITED LIABILITY PARTNERSHIP,"197, UPPER THOMSON ROAD, YEW LIAN PARK, 574341"
AS19K00050,WILDBOAR^FISHROOM,"68, JALAN JURONG KECHIL, #01-, 14, SUITES AT BUKIT TIMAH, 596180"
AS75M0199,WONG LOY KEE AQUARIUM STORE,"4, SAGO LANE, #02-, 119, 050004"
AS05H1528,WONG LOY KEE AQUARIUM STORE,"4, SAGO LANE, #02-, 109, 050004"
AS22K00063,WT COOLING PTE. LTD.,"105, DESKER ROAD, LEVEL 2, 209627"
AS22J00059,XI MEOW PET PTE. LTD.,"80, CHANGI ROAD, #02-, 68, CENTROPOD @ CHANGI, 419715"
AS04B1465,XING XING AQUARIUM,"291, YISHUN STREET 22, #01-, 395, 760291"
AS08C00014,YAN PET & AQUARIUM,"280, BUKIT BATOK EAST AVE 3, #01-, 335, 650280"
AS21L00070,YASAM BETTA LLP,"160, CHANGI ROAD, #01-, 11, HEXACUBE, 419728"
AS20L00057,YJH TRADING,"1, WEST COAST DRIVE, #01-, K14, NEWEST, 128020"
AS21K00064,YOURS SHRIMPLY PTE. LTD.,"11, SIN MING ROAD, #01-, 26, THOMSON V TWO, 575629"